[
  {
    "text": "BASE_PLANNER",
    "items": [
      {
        "text": "BASE",
        "state": "enabled",
        "items": [
          {
            "text": "baseBOW",
            "state": "enabled",
            "items": [
              {
                "text": "detail-panel",
                "state": "enabled",
                "items": [
                  {
                    "text": "detailPanelAircraft",
                    "state": "hide"
                  },
                  {
                    "text": "detailPanelWC",
                    "state": "hide"
                  },
                  {
                    "text": "commentsContainer",
                    "state": "hide"
                  }
                ]
              },
              {
                "text": "bowTab",
                "state": "enabled",
                "items": [
                  {
                    "text": "btnAddToDraft",
                    "state": "enabled",
                    "items": []
                  },
                  {
                    "text": "btnViewTaskDetails",
                    "state": "enabled",
                    "items": []
                  }
                ]
              }
            ]
          },
          {
            "text": "draft",
            "state": "enabled",
            "items": [
              {
                "text": "draftButtonGroup",
                "state": "enabled",
                "items": [
                  {
                    "text": "draftPrintBtn",
                    "state": "enabled"
                  },
                  {
                    "text": "draftSaveBtn",
                    "state": "enabled"
                  },
                  {
                    "text": "draftFinalizeBtn",
                    "state": "enabled"
                  },
                  {
                    "text": "draftFCXPBtn",
                    "state": "enabled"
                  }
                ]
              }
            ]
          },
          {
            "text": "bowStatus",
            "state": "enabled",
            "items": [
              {
                "text": "bowStatusTab",
                "state": "enabled",
                "items": [
                  {
                    "text": "ddlStatus",
                    "state": "enabled",
                    "items": []
                  }
                ]
              }
            ]
          }
        ]
      }
    ],
    "defaultValues": {
      "pagesize":"50"
    },
    "dropDownValues" :["","VIEW"],
    "statusTypeDropDown":["FINALIZED"]

  }
]