[{"text":"BASE_PLANNER","state":"enabled","items":[{"text":"Menu","state":"enabled","items":[{"text":"Browse","state":"enabled","items":[{"text":"Task Browser","state":"disabled"},{"text":"Pending Updates","state":"disabled"},{"text":"Task Details","state":"disabled"},{"text":"Smoothing","state":"disabled"},{"text":"Thru-flight by Date","state":"disabled"},{"text":"Thru-flight by Station","state":"disabled"},{"text":"LOF Legs","state":"disabled"},{"text":"RONS by Date","state":"disabled"},{"text":"RONS by Station","state":"disabled"},{"text":"Inconsistencies","state":"disabled"},{"text":"Alerts","state":"disabled"},{"text":"Messages","state":"enabled"}]},{"text":"Reports","state":"enabled","items":[{"text":"Overdue Tasks","state":"disabled"},{"text":"Review Task/Deferral","state":"disabled"},{"text":"Evaluate Monitors","state":"disabled"},{"text":"Audited Items","state":"disabled"},{"text":"SCEPTRE Tally","state":"disabled"},{"text":"SCEPTRE Tally PDF","state":"disabled"},{"text":"CWV","state":"disabled"}]},{"text":"Settings","state":"enabled","items":[{"text":"Fleet Definitions","state":"disabled"},{"text":"Maintenance Stations","state":"disabled"},{"text":"JMOCA Route Control","state":"disabled"},{"text":"User Preferences","state":"disabled"}]}]}]}]